manifest	ed412cbd205460682fb5caad4060d467ab668b72ca475f2c201ef162d1d5426b	-
	README.md	100644	4d12ce9f3e03ffe991be0acaf16cca8f6f95e07056f46a56c81085fae9f6de6f
	app/config.py	100644	342e6e9b17a544ef13bf315aa1ccce3021808175395f5690deb9d1fd5b6cb4d1
	app/db.py	100644	ad8bca04a1358865efb512ddfd3b54573f545c198316583e9046ffecdaaf7436
	app/dummy_client.py	100644	741a01a26a3b6be1a3fa5c6351d1e2c0a89f587ce7079d26812dcdfa1d5bbc3a
	app/main.py	100644	02433fef076864ee521ffc6f625a823caf506c00abb9c18aa6578800afd98cf0
	app/models.py	100644	7dc4aaaf76afcc9ebba0efe76549ba53d8993a6851deacbf0d7c4cead95a97b9
	app/openrouter_client.py	100644	747c2416b91d982755c7bab09366a47d394e36d5dad7fb28eb9cf8ef95074c21
	app/repository.py	100644	25dd4f73c75c308529d2c31b673a93ce3a74d54e87c91413f5ba5bea4f71460b
	app/routes.py	100644	681b171abd611a469d204054918dfdb7b3b4fb95d81f9486b404638111c03e8f
	app/sentiment.py	100644	8960ace56cb59d61d91d213256ebdf34bbe82f5411b68391d8b19c019be8efe5
	app/service.py	100644	245d59163b136ac9e04a097bd7878d77d3ee4014ead869b8cfa5983b80026e6d
	app/session_auth.py	100644	5eef60dca26f7c4dd7591726919c9cec2d4e8b34d2ad04b2d653b6fa96586484
	app/static/app.js	100644	c1acbf18441a4bfbd58d4502347a5109da290acef2d16cd124df84bb6199aa19
	app/static/index.html	100644	2b5dde2220bd1ae45fa740a380041fedb7d07eb438bc5d6e7eb75a370a2c788d
	pyproject.toml	100644	4b93f667749fecf84a62d162d6b50d1b2f16c112ea3d98b7796ece90a07435e3
	tests/conftest.py	100644	1ba26c837aee7baea732950e283f1da46b2551cae2915886048e243c83e3d252
	tests/test_auth_routes.py	100644	9cedbc78b471443603f57b7b59bc482413b2adafe95ea3fcd0656571b4c46dbf
	tests/test_config.py	100644	8711c9405b9f4294d391f712129123b041749beb26700f2eac6a0de872789930
	tests/test_db.py	100644	842c1922b07cbe04033ff8301a2e4ba3fda242e67a565544f1f14ae45edd51df
	tests/test_dummy_client.py	100644	737d15114037241a94036e74c0659211edae04c8b7d89d2996fe67696c85fb5b
	tests/test_live_client.py	100644	6578966ec6fc662952f6dfd0e89a5d0d5c8cd0edcef6690ff9588f945164e9f5
	tests/test_page.py	100644	9de0086afa31e19eeaec5f44d05cbe608f63813f9482cb4c2134f3dc8ab640c7
	tests/test_repository.py	100644	48e44747ba86b044cef7b452042307d69eb083633d7ee6c767977d8bf4c1a82e
	tests/test_routes.py	100644	d17ddbb44b5d7fe8bdc77f9db81acf0d7f71686450ce735608a21ee88e618888
	tests/test_service.py	100644	974466b2620de397f8e145cdda1f61563cbc396ea733134545d1e66da64f0895
	tests/test_session_auth.py	100644	e99c6a422e6faf950188642c92aa3301f54f30f6fdeb626f5f99f314fc46f55a
