manifest	cf45bad0e9812901b8d1857f0d0fda626e28036a10f1cef0d8c2c871ec28f5c5	-
	app/analytics.py	100644	ac7a3a7fbadc0a7bf9ea1082805524002f9f1051438639ee3f2b26c8d526f698
	app/db.py	100644	84b0799cd5dd54d2c3e0944393092dd999f961ff299ea5a29f75b5aa38e9126c
	app/dummy_client.py	100644	ea2cec819b23870af56716701796d8e4147c033739fe6fb40f3a183aa42a7be6
	app/main.py	100644	153f2776d880586b014fe86bb943fc57dfdd66778db33b8aacebe0c5663e5e8c
	app/models.py	100644	9ce98d22e1c2388cfc3ac466bedc2a3d22099fe6eafd4af0de56aa232abf15c5
	app/routes.py	100644	4951d9047ef8b02cede50c84ae591836b99309d3c0c4380d7f56093a09c56f34
	app/static/app.js	100644	74b96ff7cbec775e8661b62e269f329cddc453421f038f064acdbee1c2a82510
	app/static/index.html	100644	5168b063e61e529a0276881918da52104c1c7d6f954dbcf45d124d6f4ae8456d
	app/terms.py	100644	1eeb8dcdf6ea0fa4f921495b62fd2503b933b1482177b36a258343f133a0c24a
	tests/conftest.py	100644	eb0542fb46f763cd2113e50f4a8b721457aee63f4614e1a5386753d2af23e9be
	tests/test_analytics_read.py	100644	d53178fa18ae956c71f80bd7f49c771debbf51923f363d187681f229f6c28602
	tests/test_analytics_routes.py	100644	136798bab9ebadca2ac900d4082595028721e72a565d847b89601666a7f8be25
	tests/test_db.py	100644	7e8c1a2c7699f38090cea26816cd6ffd03235eacfe6167661e101a5679cbb9b1
	tests/test_migration_indexes.py	100644	7ff41e6ea50d28b5ea72a7330333dd98867e47b2e124ad86dd5863dd9017567a
	tests/test_page.py	100644	1422697b40ff9d30f9839b940feb1f292761d2793383d00537eb20c28b17ba3b
	tests/test_routes.py	100644	6cc60d0ffc14f26734445bcefa6faf50ec466155517988c153f58d5de024b6db
	tests/test_terms.py	100644	f217f412b8417bd4cae00a36d469c0ff1d191552d66cd7126705978f30446656
